Enlace	Oficina_Contable	Remoto	Descripcion	Proveedor	ID	AnchoBanda	Costo_Dolares
1840	1	10001	RENAP ANTIGUA GUATEMALA	TELERED	8901934	1024	200.00
1464	1	1	ANTIGUA GUATEMALA	TELERED	8900813	2048	395.00
1238	5	50001	RENAP GUASTATOYA	TELERED	8900697	1024	200.00
138	5	5	GUASTATOYA	TELERED	8900279	1024	200.00
1245	6	60001	RENAP ZACAPA	TELERED	8900704	1024	200.00
562	9	9	PUERTO BARRIOS	TELERED	8900307	1024	200.00
1657	10	100001	MINI MUNI SALAMA	TELERED	8901192	1024	200.00
1063	11	11	PANZOS	TELERED	8900629	1024	200.00
43	13	13	MONJA BLANCA	TELERED	8900237	1024	200.00
237	14	14	TECPAN	TELERED	8900276	1024	200.00
429	16	16	FRAY BARTOLOME DE LAS CASAS	TELERED	8900416	1024	200.00
193	17	17	SANTA ELENA	TELERED	8900293	1024	200.00
546	18	180001	DISTRIBUIDORA EL TEJAR	TELERED	8900378	512	174.00
2157	18	18	CHIMALTENANGO	TELERED	8902107	1024	200.00
1394	20	20	MELCHOR DE MENCOS	TELERED	8900777	1024	200.00
1741	20	200001	MINI MUNI MELCHOR DE MENCOS	TELERED	8901331	1024	200.00
91	21	21	TOTONICAPAN	TELERED	8900387	1024	200.00
92	22	22	SOLOLA	TELERED	8900298	2048	240.00
280	24	24	EL TUMBADOR	TELERED	8900320	1024	200.00
96	25	25	MALACATAN	TELERED	8900538	2048	240.00
448	29	29	PUEBLO NUEVO VIÑAS	TELERED	8900347	1024	200.00
735	30	30	LA MAQUINA	TELERED	8900514	1024	200.00
1761	31	310001	ANEXO AGE 31	TELERED	8901786	1024	200.00
2191	31	31	EL QUICHE	TELERED	8902204	1024	200.00
863	32	32	HUEHUETENANGO	TELERED	8900565	2048	240.00
969	35	35	SANTIAGO ATITLAN	TELERED	8900601	1024	200.00
1272	36	36	MORALES	TELERED	8900742	1024	200.00
2180	36	360001	WAY MORALES IZABAL	TELERED	8900882	1024	200.00
111	38	38	PATZUN	TELERED	8900398	1024	200.00
1205	40	40	PLAYA GRANDE	TELERED	8900678	1024	200.00
342	41	41	LA DEMOCRACIA	TELERED	8900340	1024	200.00
2158	42	42	IPALA	TELERED	8902106	1024	200.00
2251	43	43	EL ESTOR	TELERED	8902307	1024	200.00
1207	44	44	LA TINTA	TELERED	8900680	1024	200.00
1742	44	440001	MINI MUNI LA TINTA	TELERED	8901810	1024	200.00
693	45	2045	ANEXO ADUANA LA MESILLA	TELERED	8900478	1024	200.00
539	45	45	LA MESILLA	TELERED	8900380	1024	200.00
1587	46	46	SANTO TOMAS CHICHE	TELERED	8900910	1024	200.00
933	47	47	ALOTENANGO	TELERED	8900591	1024	200.00
2000	49	490001	RENAP SAN PEDRO CARCHA	TELERED	8902017	1024	200.00
123	49	49	CARCHA	TELERED	8900396	1024	200.00
1208	50	50	RAXRUJA	TELERED	8900681	1024	200.00
440	52	52	NEBAJ	TELERED	8900503	1024	200.00
129	53	53	JOYABAJ	TELERED	8900331	1024	200.00
1348	54	54	USPANTAN	TELERED	8900763	1024	200.00
492	55	55	SOLOMA	TELERED	8900411	1024	200.00
1480	56	56	SAN ANTONIO HUISTA	TELERED	8900868	1024	200.00
135	57	57	SANTA CRUZ BARILLAS	TELERED	8901772	1024	200.00
1482	58	58	CUILCO	TELERED	8900841	1024	200.00
500	59	59	SAN CRISTOBAL VERAPAZ	TELERED	8900395	1024	200.00
2235	59	59	SAN CRISTOBAL VERAPAZ	TELERED	8902301	1024	200.00
2161	60	60	SACAPULAS	TELERED	8902095	1024	200.00
1049	61	61	EL CHAL DOLORES	TELERED	8900608	1024	200.00
1770	63	630001	MINI MUNI SAYAXCHE	TELERED	8901790	1024	200.00
330	63	63	SAYAXCHE	TELERED	8900337	1024	200.00
1210	64	64	LAS CRUCES	TELERED	8900683	1024	200.00
493	65	65	RABINAL	TELERED	8900419	1024	200.00
144	66	66	SAN MARTIN JILOTEPEQUE	TELERED	8900326	1024	200.00
906	68	68	JALPATAGUA	TELERED	8900584	1024	200.00
243	69	69	GUALAN	TELERED	8900404	1024	200.00
2073	70	70	SAN PEDRO NECTA	TELERED	8902105	1024	200.00
332	71	71	AGENCIA  18 CALLE ZONA 1	TELERED	8900314	1024	200.00
450	72	72	RIO DULCE	TELERED	8900487	512	174.00
548	73	73	AGUACATAN	TELERED	8900477	1024	200.00
152	74	74	MINISTERIO DE FINANZAS PUBLICAS 	TELERED	8900501	1024	200.00
289	75	75	SAN CARLOS SIJA	TELERED	8900912	1024	200.00
337	78	78	CENTRAL DE MAYOREO (CENMA)	TELERED	8900360	1024	200.00
701	79	79	MOMOSTENANGO	TELERED	8900505	1024	200.00
2195	79	790001	RENAP MOMOSTENANGO	TELERED	8902196	1024	200.00
1273	80	80	ANEXO NUEVA SANTA ROSA 	TELERED	8900708	1024	200.00
1842	81	810001	MUNICIPALIDAD DE ATESCATEMPA	TELERED	8901906	1024	200.00
1064	82	82	CAMOTAN	TELERED	8900631	1024	200.00
1275	87	87	OLOPA	TELERED	8900710	1024	200.00
1129	88	88	LA UNION	TELERED	8900661	1024	200.00
335	89	89	JACALTENANGO	TELERED	8900356	1024	200.00
1058	90	90	PACHALUM	TELERED	8900609	1024	200.00
277	92	92	SAN MARCOS	TELERED	8900304	1024	200.00
1242	92	920001	RENAP SAN MARCOS	TELERED	8900701	1024	200.00
1987	93	930001	ANEXO 93 LA LAGUNA	TELERED	8902001	1024	200.00
445	93	93	SAN PEDRO LA LAGUNA	TELERED	8900351	1024	200.00
1241	95	950001	RENAP SAN FRANCISCO EL ALTO	TELERED	8900700	1024	200.00
1419	95	95	SAN FRANCISCO EL ALTO	TELERED	8900788	1024	200.00
1704	98	98	CHACTE	TELERED	8901203	1024	200.00
1838	99	990001	ANEXO CONGRESO	TELERED	8901870	1024	200.00
343	100	100	ADUANA VALLE NUEVO	TELERED	8900341	1024	200.00
766	101	1010001	ADUANA SAN CRISTOBAL 2	TELERED	8900523	1024	200.00
765	103	103	ADUANA EL CARMEN	TELERED	8900524	1024	200.00
1725	104	104	ADUANA PUERTO BARRIOS	TELERED	8901878	1024	200.00
2069	105	105	SIJA QUETZALTENANGO	TELERED	8902043	1024	200.00
283	106	106	ADUANA AGUA CALIENTE	TELERED	8900319	1024	200.00
2265	108	108	EL FLORIDO	TELERED	8902326	1024	200.00
1810	109	1090001	MAYCOM C.C. ESKALA ROOSEVELT	TELERED	8901872	1024	200.00
10	109	109	ROOSEVELTH	TELERED	8900259	1024	200.00
1488	109	1090002	J.I. COHEN	TELERED	8900834	1024	200.00
1727	111	111	CUILAPA	TELERED	8901191	1024	200.00
764	113	113	ADUANA MELCHOR DE MENCOS	TELERED	8900525	1024	200.00
560	114	114	PUERTO QUETZAL	TELERED	8900391	1024	200.00
1211	116	116	TODOS SANTOS HUEHUETENANGO	TELERED	8900684	1024	200.00
1055	117	117	NENTON	TELERED	8900615	1024	200.00
21	118	118	BOULEVAR LIBERACION	TELERED	8900444	1024	200.00
1747	119	119	SANTA MARIA IXHUATAN	TELERED	8901327	1024	200.00
538	120	120	AUTOBANCO ASUNCION MITA	TELERED	8900449	1024	200.00
1195	121	121	CHICHICASTENANGO	TELERED	8900673	1024	200.00
1650	124	1240001	RENAP COBAN	TELERED	8900695	1024	200.00
297	124	124	COBAN IMPERIAL	TELERED	8900303	1024	200.00
1212	125	125	CHISEC	TELERED	8900685	1024	200.00
759	126	126	SAN MANUEL CHAPARRON	TELERED	8900526	1024	200.00
2041	127	127	AUTOBANCO TELEMAN	TELERED	8900686	1024	200.00
1693	128	128	CONCEPCION HUISTA	TELERED	8901205	1024	200.00
2203	129	129	EL CHOL	TELERED	8901206	1024	200.00
1666	130	130	GRANADOS	TELERED	8901936	1024	200.00
1706	131	131	REFORMA SAN MARCOS	TELERED	8901208	1024	200.00
34	132	132	AGENCIA ZONA 6 (MARTI)	TELERED	8900272	1024	200.00
1192	133	133	C.C. PLAZA MAGDALENA	TELERED	8900299	1024	200.00
36	134	134	AGENCIA ZONA 7	TELERED	8900241	1024	200.00
37	135	135	AGENCIA ZONA 5	TELERED	8900239	1024	200.00
38	136	136	METRONORTE	TELERED	8900258	1024	200.00
2094	137	137	VILLA NUEVA	TELERED	8902062	1024	200.00
40	138	138	AGENCIA MIXCO	TELERED	8900240	1024	200.00
41	139	139	AGENCIA ZONA 19	TELERED	8900236	1024	200.00
1431	140	1400001	RENAP FLORES PETEN	TELERED	8900801	1024	200.00
246	140	140	FLORES	TELERED	8900275	1024	200.00
45	141	141	TERMINAL HUEHUETENANGO	TELERED	8900301	1024	200.00
427	142	142	PLAZA PALMERAS	TELERED	8900295	1024	200.00
573	146	146	INGUAT	TELERED	8900493	1024	200.00
1858	147	1470001	MUNICIPALIDAD DE ZACAPA	TELERED	8901917	1024	200.00
405	147	147	AGENCIA SAT ZACAPA	TELERED	8900292	1024	200.00
235	148	148	COLONIAL ANTIGUA	TELERED	8900310	2048	240.00
1276	149	149	SANTA EULALIA	TELERED	8900711	1024	200.00
510	150	150	SAT - CHIMALTENANGO	TELERED	8900305	1024	200.00
1027	151	151	SALAMA CENTRO	TELERED	8900639	1024	200.00
229	153	153	AUTOBANCO CIUDAD SAN CRISTOBAL	TELERED	8900244	1024	200.00
499	154	154	AGUA BLANCA	TELERED	8900366	1024	200.00
509	155	155	AUTOBANCO LAS MINAS ESQUIPULAS	TELERED	8900421	1024	200.00
60	156	156	PANAJACHEL	TELERED	8900490	1024	200.00
260	157	157	SAT - JALAPA	TELERED	8900281	1024	200.00
756	158	158	SAMAYAC	TELERED	8900527	1024	200.00
1051	159	159	SAN ANDRES SEMETABAJ	TELERED	8900633	1024	200.00
523	160	160	AUTOBANCO TEXACO CHIQUIMULA	TELERED	8900422	2048	240.00
1430	162	162	CAMOJA	TELERED	8900798	1024	200.00
2220	163	163	CUNEN	TELERED	8902274	1024	200.00
1749	164	3164	MUNICIPALIDAD DE AMATITLAN	TELERED	8901775	1024	200.00
242	164	164	AMATITLAN	TELERED	8900344	1024	200.00
291	165	165	XELAJU	TELERED	8900312	1024	200.00
1807	165	1650001	MAYCOM XELAJU	TELERED	8901839	1024	200.00
266	166	166	TECULUTAN	TELERED	8900397	1024	200.00
71	168	168	LA TORRE	TELERED	8900502	1024	200.00
451	169	169	EL PROGRESO	TELERED	8900409	1024	200.00
248	170	170	C.D.R.O	TELERED	8900274	1024	200.00
556	172	172	HUITE	TELERED	8900423	1024	200.00
254	173	173	19 CALLE	TELERED	8900263	1024	200.00
758	174	174	PURULHA	TELERED	8900529	1024	200.00
78	175	175	ORGANISMO JUDICIAL	TELERED	8900269	1024	200.00
1199	177	177	LA DEMOCRACIA ESCUINTLA	TELERED	8900674	1024	200.00
1029	178	1780002	ARPTO. LA AURORA 3 NIVEL ANEXO AERONAUTICA	TELERED	8900745	1024	200.00
2201	178	1780001	DIRECCION GENERAL DE AERONAUTICA CIVIL	TELERED	290900002	1024	200.00
250	178	178	AEROPUERTO	TELERED	8900235	512	174.00
1936	179	1790001	MINI MUNI PALIN	TELERED	8901980	1024	200.00
310	180	180	SANARATE	TELERED	8900402	1024	200.00
1300	181	181	CHICAMAN	TELERED	8900741	1024	200.00
236	183	183	PRISA	TELERED	8900261	1024	200.00
428	184	184	TERMINAL JUTIAPA	TELERED	8900296	1024	200.00
2061	184	1840002	ANEXO TERMINAL JUTIAPA  CAMPO DE LA FERIA	TELERED	8902044	1024	200.00
204	185	185	IGSS CENTRAL	TELERED	8900251	1024	200.00
251	187	187	SAN ANTONIO SUCHITEPEQUEZ	TELERED	8900400	1024	200.00
213	188	188	IGSS ZONA 5	TELERED	8900252	1024	200.00
234	190	190	IGSS ZONA 11	TELERED	8900254	1024	200.00
199	192	192	IGSS MONTE REAL	TELERED	8900253	1024	200.00
454	193	193	IGSS RETALHULEU	TELERED	8900316	1024	200.00
261	194	194	IGSS PAMPLONA	TELERED	8900283	1024	200.00
811	195	195	TIQUISATE	TELERED	8900576	1024	200.00
1667	196	196	SAN MIGUEL POCHUTA	TELERED	8901209	1024	200.00
426	197	197	TACTIC	TELERED	8900364	1024	200.00
300	198	198	SIMON BOLIVAR MORALES	TELERED	8900405	1024	200.00
210	199	199	MERCADO QUETZALTENANGO	TELERED	8900309	1024	200.00
491	200	200	CHAJUL	TELERED	8900371	1024	200.00
258	201	201	SALCAJA	TELERED	8900280	2048	240.00
1839	201	2010001	ANEXO MUNICIPALIDAD DE SALCAJA	TELERED	8901926	1024	200.00
558	202	202	MERCADO SANTO TOMAS DE CASTILLA	TELERED	8900413	1024	200.00
446	203	203	PATULUL	TELERED	8900446	1024	200.00
1093	204	204	CHICACAO	TELERED	8900647	1024	200.00
216	206	206	MEGA PRIMMA	TELERED	8900492	1024	200.00
380	207	207	CHIQUIMULA CENTRO	TELERED	8900291	1024	200.00
1707	209	2090001	WAY EL NARANJO	TELERED	8901240	1024	200.00
1708	209	209	EL NARANJO	TELERED	8901222	1024	200.00
1097	210	210	MERCADO TERMINAL ZONA 4	TELERED	8900646	1024	200.00
401	211	211	MERCADO LA FLORIDA	TELERED	8900246	1024	200.00
402	213	213	MERCADO LA PARROQUIA	TELERED	8900245	1024	200.00
1203	216	216	SAT - VILLA NUEVA	TELERED	8900657	1024	200.00
2022	219	219	LOS OLIVOS	TELERED	8902013	1024	200.00
265	220	220	MONJAS	TELERED	8900332	1024	200.00
2046	221	221	SANTA LUCIA COTZ	TELERED	8902021	5120	395.00
1414	222	222	SAN ANDRES SAJCABAJA	TELERED	8900812	1024	200.00
294	227	227	SANTO TOMAS DE CASTILLA	TELERED	8900284	1024	200.00
1040	228	2280001	SAT TORRE AZUL	TELERED	8900606	1024	200.00
286	228	228	SAT ZONA 9	TELERED	8900260	1024	200.00
521	231	231	SAN PABLO SAN MARCOS	TELERED	8900372	1024	200.00
306	232	232	SAN JUAN SACATEPEQUEZ	TELERED	8900289	2048	240.00
307	233	233	ALMOLONGA	TELERED	8900288	1024	200.00
1973	234	2340001	MINI MUNI VILLA HERMOSA	TELERED	8902006	1024	200.00
2021	235	235	CENTRO COMERCIAL MONSERRAT	TELERED	8902012	1024	200.00
315	237	237	BOCA DEL MONTE	TELERED	8900242	1024	200.00
752	238	238	ZACUALPA	TELERED	8900530	1024	200.00
1700	240	240	SANTA ANA HUISTA	TELERED	8901210	1024	200.00
1039	241	241	RIO HONDO	TELERED	8900642	1024	200.00
1611	242	242	SAT MAZATENANGO	TELERED	8901142	1024	200.00
333	244	244	HOSPITAL ROOSEVELT	TELERED	8900243	1024	200.00
1459	251	251	LIVINGSTON	TELERED	8900811	1024	200.00
403	256	256	USAC	TELERED	8900264	1024	200.00
416	257	257	AUTOBANCO - PETAPA	TELERED	8900248	1024	200.00
1769	258	2580001	MINI MUNI LA LIBERTAD	TELERED	8902271	1024	200.00
1792	259	2590001	ANEXO MUNICIPALIDAD DE SANTA CLARA LA LAGUNA	TELERED	8901830	1024	200.00
411	260	260	MERCADO SAN JOSE MERCANTIL	TELERED	8900247	1024	200.00
457	263	263	MERCADO LA PRESIDENTA	TELERED	8900265	1024	200.00
1584	265	265	SAN FELIPE RETALHULEU	TELERED	8900924	1024	200.00
1082	266	266	CONCEPCION LAS MINAS	TELERED	8900648	1024	200.00
757	272	272	SANSARE	TELERED	8900532	1024	200.00
1830	273	273	ESCUINTLA CENTRO	TELERED	8900583	1024	200.00
1424	275	275	MAZATENANGO PLAZA AMERICA	TELERED	8900791	2048	240.00
456	276	276	MERCADO COLON	TELERED	8900266	1024	200.00
465	279	279	MERCADO BETHANIA	TELERED	8900357	1024	200.00
763	280	280	SAN ANDRES ITZAPA	TELERED	8900533	1024	200.00
1399	283	283	AUTOBANCO ZACAPA TAMARINDAL	TELERED	8900778	2048	240.00
1403	284	284	ESTANZUELA	TELERED	8900780	1024	200.00
1720	285	285	CHIANTLA	TELERED	8902019	1024	200.00
1654	286	286	SAN IDELFONSO IXTAHUACAN	TELERED	8901197	1024	200.00
488	288	288	ORATORIO	TELERED	8900363	1024	200.00
2005	292	292	NAHUALA	TELERED	8902040	1024	200.00
1002	293	293	SANTA LUCIA UTATLAN	TELERED	8900603	1024	200.00
484	294	294	MORAZAN	TELERED	8900358	1024	200.00
2024	295	295	TACANA	TELERED	8902015	1024	200.00
762	296	296	SAN JUAN OSTUNCALCO	TELERED	8900535	1024	200.00
1057	297	297	PARRAMOS	TELERED	8900634	1024	200.00
1644	298	298	EL FRUTAL	TELERED	8901153	1024	200.00
516	300	300	INFOM	TELERED	8900273	1024	200.00
1428	301	3010001	EMPRESA ELECTRICA XELA	TELERED	8900796	1024	200.00
487	301	301	ORGANISMO JUDICIAL QUETZALTENANGO	TELERED	8900302	1024	200.00
1045	302	302	QUEZADA	TELERED	8900610	1024	200.00
501	303	303	SIBILIA	TELERED	8900370	1024	200.00
1277	304	304	CANILLA	TELERED	8900712	1024	200.00
1408	306	306	LA GOMERA	TELERED	8900786	1024	200.00
504	308	308	DOLORES	TELERED	8900367	1024	200.00
503	309	309	IPM	TELERED	8900270	1024	370.00
1917	312	3120001	UNIVERSIDAD DA VINCI	TELERED	8901965	1024	200.00
569	314	314	PRADERA XELA	TELERED	8900443	1024	200.00
508	315	315	DECAM	TELERED	8900510	1024	200.00
1540	316	316	SAN JOSE POAQUIL	TELERED	8900536	1024	200.00
1119	319	319	PLAZA JADE	TELERED	8900649	1024	200.00
2159	319	3190001	ANEXO MAYCOM SANTA ELENA PETEN	TELERED	8902120	1024	200.00
547	321	321	CIUDAD VIEJA	TELERED	8900384	1024	200.00
545	324	324	JOCOTAN	TELERED	8900448	1024	200.00
532	325	325	SAN JOSE	TELERED	8900424	1024	200.00
1146	326	3260001	RENAP RETALHULEU	TELERED	8900652	1024	200.00
583	326	326	AUTOBANCO TERMINAL RETALHULEU	TELERED	8900438	2048	240.00
665	329	329	AUTOBANCO COATEPEQUE	TELERED	8900440	1024	200.00
1851	329	3290001	MUNICIPALIDAD COATEPEQUE	TELERED	8901969	1024	200.00
2105	330	330	CASILLAS	TELERED	8902080	1024	200.00
1669	332	332	AYARZA	TELERED	8901200	1024	200.00
657	333	333	SEGUROS UNIVERSALES	TELERED	8900475	1024	200.00
659	334	334	CENTRO COMERCIAL ZONA 4	TELERED	8901771	1024	200.00
2100	335	335	USUMATLAN	TELERED	8902068	1024	200.00
1052	336	336	CABANAS	TELERED	8900636	1024	200.00
1059	337	337	SAN DIEGO	TELERED	8900637	1024	200.00
1280	338	338	SAN ANTONIO ILOTENANGO	TELERED	8900715	1024	200.00
581	339	339	CONTRALORIA GENERAL DE CUENTAS	TELERED	8900426	1024	200.00
1809	340	3400001	MAYCOM 2A. CALLE ZONA 9	TELERED	8901818	1024	200.00
844	340	340	2 CALLE ZONA 9	TELERED	8900571	2048	240.00
652	341	341	MERCADO CANDELARIA	TELERED	8900489	1024	200.00
653	342	342	MERCADO JUSTO RUFINO BARRIOS	TELERED	8900479	1024	200.00
1690	343	343	SAN MATEO IXTATAN	TELERED	8901211	1024	200.00
1071	344	344	SAN CRISTOBAL ACASAGUASTLAN	TELERED	8900611	1024	200.00
580	345	345	MINISTERIO PUBLICO FISCALIAS	TELERED	8902297	1024	200.00
1561	348	348	MERCADO BARILLAS	TELERED	8900893	1024	200.00
1686	349	349	SAN MARCOS HUISTA	TELERED	8901212	1024	200.00
660	352	352	MINISTERIO DE RELACIONES EXTERIORES	TELERED	8900445	512	174.00
698	353	353	MUNICIPALIDAD SANTA LUCIA COTZUMALGUAPA	TELERED	8900306	1024	200.00
2155	354	354	CHAHAL	TELERED	8902331	512	174.00
2045	356	356	SAN AGUSTIN ACASAGUASTLAN	TELERED	8902070	1024	200.00
666	356	3560001	ANEXO SAN AGUSTIN ACASAGUASTLAN	TELERED	8900447	1024	200.00
669	357	357	DESPENSA LOMAS DEL NORTE	TELERED	8900497	1024	200.00
2211	358	358	MERCADO QUICHE ZONA 5	TELERED	8902292	1024	200.00
686	361	361	CUBULCO CENTRO	TELERED	8900420	1024	200.00
745	362	362	AVENIDA BOLIVAR	TELERED	8900517	1024	200.00
1281	363	363	SAN JUAN COTZAL	TELERED	8900716	1024	200.00
658	364	364	MIRAFLORES	TELERED	8900485	1024	200.00
656	365	365	INTECAP	TELERED	8900481	1024	200.00
663	366	366	MEGA TERMINAL ZONA 4	TELERED	8900491	1024	200.00
809	367	367	AUTOBANCO JOYABAJ	TELERED	8900558	2048	240.00
1060	370	370	GUAZACAPAN	TELERED	8900638	1024	200.00
760	376	376	CENTRO COMERCIAL PACIFIC CENTER	TELERED	8900519	1024	200.00
705	378	378	AUTOBANCO JALAPA	TELERED	8900507	1024	200.00
1651	379	379	SANTA MARIA VISITACION	TELERED	8901190	1024	200.00
737	381	381	AUTOBANCO PUERTO BARRIOS	TELERED	8900516	1024	200.00
749	382	382	SAYAXCHE PARQUE CENTRAL	TELERED	8900512	1024	200.00
2243	383	383	LAS ESCOBAS	TELERED	8902285	1024	200.00
738	384	384	CENTRO COMERCIAL MONTUFAR	TELERED	8900515	2048	240.00
747	386	386	AUTOBANCO SAN LUCAS SACATEPEQUEZ	TELERED	8900518	1024	200.00
1047	389	389	SAN RAFAEL PIE DE LA CUESTA	TELERED	8900616	1024	200.00
1487	390	390	PALESTINA DE LOS ALTOS	TELERED	8900833	1024	200.00
813	391	391	MERCADO GUASTATOYA	TELERED	8900572	1024	200.00
2256	394	394	TERMINAL BAZARES	TELERED	8900491	1024	200.00
1701	395	395	SANTA CATARINA IXTAHUACAN	TELERED	8901213	1024	200.00
1206	396	396	CERINAL	TELERED	8900679	1024	200.00
1283	397	397	ZARAGOZA CHIMALTENANGO	TELERED	8900718	1024	200.00
1067	398	398	CONCEPCION TUTUAPA	TELERED	8900612	1024	200.00
1118	400	400	SAN JUAN CHAMELCO	TELERED	8900617	1024	200.00
2080	401	401	FRAIJANES	TELERED	8902051	1024	200.00
1415	402	402	VISTA HERMOSA 2	TELERED	8900787	1024	200.00
599	404	404	AVENIDA PETAPA	TELERED	8900548	1024	200.00
664	405	405	NOVICENTRO	TELERED	8900476	1024	200.00
601	406	406	VILLA DE GUADALUPE	TELERED	8900543	512	174.00
2176	407	407	EL MUÑECON	TELERED	8902133	1024	200.00
603	408	408	CALZADA AGUILAR BATRES	TELERED	8900545	5120	395.00
604	409	409	LOS PROCERES	TELERED	8900546	1024	200.00
953	410	410	GEMINIS 10 NO. 2	TELERED	8900428	1024	200.00
606	411	411	METAMERCADO SAN JUAN	TELERED	8900557	1024	200.00
2221	412	4120002	BODEGA METATERMINAL DEL NORTE	TELERED	8900452	5120	395.00
608	413	413	SAN JOSE PINULA	TELERED	8900499	512	174.00
609	414	414	ROOSEVELT 2	TELERED	8900540	2048	240.00
1446	415	415	15 AVENIDA ZONA 6	TELERED	8900809	1024	200.00
649	417	417	SANTA FE	TELERED	8900484	1024	200.00
615	420	420	CENMA 2	TELERED	8900500	1024	200.00
661	422	422	ALPASA	TELERED	8900486	1024	200.00
617	424	424	VILLA NUEVA 2	TELERED	8900549	2048	240.00
618	425	425	MALACATAN 5A AVENIDA	TELERED	8900471	1024	200.00
619	426	426	HUEHUETENANGO TORRE	TELERED	8900553	1024	200.00
620	427	427	ASUNCION MITA BARRIO EL CENTRO	TELERED	8900554	1024	200.00
623	430	430	SANTA ELENA 4A CALLE	TELERED	8900555	1024	200.00
624	431	431	POPTUN 7A AVENIDA	TELERED	8900550	1024	200.00
1578	432	432	MAZATENANGO 7A CALLE ZONA 2	TELERED	8900914	1024	200.00
626	433	433	BARILLAS 2A AVENIDA	TELERED	8900508	1024	200.00
850	434	434	LA MESILLA CARRETERA INTERAMERICANA	TELERED	8900569	1024	200.00
2179	436	4360001	MINI MUNI DE TECUN UMAN	TELERED	8902130	1024	200.00
629	436	436	TECUN UMAN 3A AVENIDA	TELERED	8900551	1024	200.00
631	438	438	SOLOMA ZONA 1	TELERED	8900509	1024	200.00
634	441	441	COLOMBA	TELERED	8900467	1024	200.00
636	443	443	SAN RAFAEL	TELERED	8900541	1024	200.00
637	444	444	JACALTENANGO 2	TELERED	8900470	1024	200.00
1043	446	446	FLORES COSTA CUCA	TELERED	8900613	1024	200.00
799	447	447	LLANO LARGO	TELERED	8900559	1024	200.00
1671	448	448	EL QUETZAL	TELERED	8901214	1024	200.00
1438	449	449	SAN JOSE EL RODEO	TELERED	8900802	1024	200.00
818	452	452	MERCADO SANTO TOMAS DE CASTILLA	TELERED	8900564	1024	200.00
1284	455	455	MALACATANCITO HUEHUETENANGO	TELERED	8900719	1024	200.00
1496	456	456	ORGANISMO JUDICIAL MIXCO	TELERED	8900840	1024	200.00
1829	457	457	SIQUINALA	TELERED	8901876	1024	200.00
1391	458	458	AUTOBANCO TECULUTAN	TELERED	8900770	1024	200.00
1672	460	460	MONTERRICO	TELERED	8901201	1024	200.00
2236	461	461	TAXISCO	TELERED	8902288	1024	200.00
1139	464	464	AUTOBANCO SAN JUAN SACATEPEQUEZ	TELERED	8900656	1024	200.00
1698	465	465	CHANMAGUA	TELERED	8901215	1024	200.00
1070	467	467	SAN FRANCISCO PETEN	TELERED	8900620	1024	200.00
1285	469	469	ORGANISMO JUDICIAL ESCUINTLA	TELERED	8900720	1024	200.00
996	470	470	NIMASAC	TELERED	8900621	1024	200.00
1612	471	471	POLOGUA	TELERED	8901241	1024	200.00
1017	474	474	CENTRO COMERCIAL TIKAL	TELERED	8900602	1024	200.00
1157	475	475	LOS AMATES CENTRO	TELERED	8900392	1024	200.00
1525	476	476	AUTOBANCO ALDEA MARISCOS	TELERED	8900849	1024	200.00
1216	477	477	AUTOBANCO LA RUIDOSA	TELERED	8900689	2048	240.00
926	478	478	MERCADO LOS AMATES	TELERED	8900587	1024	200.00
1824	482	482	GRACIAS A DIOS	TELERED	8900622	1024	200.00
1687	483	483	SAN JUAN IXCOY	TELERED	8901217	1024	200.00
1289	484	484	SAN JOSE CHACAYA	TELERED	8900724	1024	200.00
1290	485	485	SAN JORGE ZACAPA	TELERED	8900725	1024	200.00
1291	487	487	CONCEPCION CHIQUIRICHAPA	TELERED	8900726	1024	200.00
1634	488	488	CHUARRANCHO	TELERED	8901158	1024	200.00
861	490	490	EL MILAGRO	TELERED	8900568	1024	200.00
703	494	494	COMISARIATO MORALES	TELERED	8900506	1024	200.00
1467	496	496	CENTRAL DE MAYOREO ALMOLONGA	TELERED	8900822	2048	240.00
704	498	498	PARQUE JUTIAPA	TELERED	8900513	1024	200.00
898	500	500	WAY ASUNCION MITA	TELERED	8900579	1024	200.00
1267	503	503	EL AMATILLO	TELERED	8900905	1024	200.00
1028	504	504	AUTOBANCO GASO JUTIAPA	TELERED	8900627	1024	200.00
886	505	505	IGSS MONTUFAR	TELERED	8900580	1024	200.00
1292	507	507	SAN RAFAEL LAS FLORES	TELERED	8900727	1024	200.00
870	508	508	DESPENSA SANTA ELENA	TELERED	8900578	1024	200.00
878	509	509	CC SANTA AMELIA	TELERED	8900582	1024	200.00
1293	510	510	SAN JOSE LA ARADA	TELERED	8900728	1024	200.00
1691	512	512	UNION CANTINIL	TELERED	8901219	1024	200.00
1084	515	515	UNIVERSITARIA JUTIAPA	TELERED	8900645	1024	200.00
1674	517	517	CHINIQUE	TELERED	8901220	1024	200.00
1633	518	518	MONTUFAR	TELERED	8901157	1024	200.00
1661	520	520	SAN JUAN ATITAN	TELERED	8901169	1024	200.00
1675	521	521	SANTIAGO CHIMALTENANGO	TELERED	8901221	1024	200.00
2091	523	523	GRAMEEN PANAJACHEL	TELERED	8902064	512	174.00
1448	525	525	SAN MIGUEL CHICAJ	TELERED	8900808	1024	200.00
1756	527	527	AUTOBANCO CRUCE SAN LUIS 	TELERED	8901323	1024	200.00
911	531	531	MULTIMAYOREO	TELERED	8900585	1024	200.00
915	532	532	PRADERA LINDA VISTA	TELERED	8900590	1024	200.00
970	534	534	AUTOBANCO FRAY BARTOLOME DE LAS CASAS	TELERED	8900641	1024	200.00
2183	535	535	TIERRA BLANCA	TELERED	8902332	1024	200.00
1162	536	536	TRAPICHE	TELERED	8900670	1024	200.00
1921	537	537	GRAN KARMEL	TELERED	8901982	1024	200.00
2230	540	540	CC LA DOCE	TELERED	8902294	1024	200.00
1346	542	542	OJ ANTIGUA GUATEMALA	TELERED	8900759	1024	200.00
968	543	543	MERCADO ANTIGUA GUATEMALA	TELERED	8900600	1024	200.00
1643	544	544	RENAP CORTIJO	TELERED	8901161	1024	200.00
1558	545	545	PRADERA CHIQUIMULA	TELERED	8900871	2048	240.00
1023	546	546	WAY ZONA 6 PARROQUIA 	TELERED	8900640	1024	200.00
1864	551	551	CENTRO COMERCIAL EL JAULON	TELERED	8901941	1024	200.00
1676	554	554	HUITAN QUETZALTENANGO	TELERED	8901223	1024	200.00
1295	555	555	SAN ANTONIO AGUAS CALIENTES	TELERED	8900730	1024	200.00
1373	557	557	MERCADO SANTA LUISA	TELERED	8900771	1024	200.00
1677	558	558	SAN MARTIN SACATEPEQUEZ	TELERED	8901224	1024	200.00
1296	560	560	SANTA APOLONIA	TELERED	8900902	1024	200.00
1009	568	568	AUTOBANCO CC METRO PLAZA RETALHULEU	TELERED	8900626	1024	200.00
1099	569	569	SANTO TOMAS LA UNION SUCHITEPEQUEZ	TELERED	8900650	1024	200.00
1037	571	571	DIMACO PAJAPITA SAN MARCOS	TELERED	8900624	1024	200.00
1024	572	572	RENAP SANTA CATARINA PINULA	TELERED	8900605	1024	200.00
1648	572	5720001	ANEXO RENAP SANTA CATARINA PINULA	TELERED	8901196	1024	200.00
1297	574	574	SANTA MARIA DE JESUS	TELERED	8900732	1024	200.00
2181	575	575	COLOTENANGO	TELERED	8901225	1024	200.00
1172	576	576	TANQUE LA UNION ANTIGUA	TELERED	8900028	1024	200.00
1032	577	577	DGAC MUNDO MAYA PETEN	TELERED	8900604	1024	200.00
1409	580	580	AUTOBANCO JAGUAR SAN BENITO	TELERED	8900782	1024	200.00
2241	581	581	EL ADELANTO	TELERED	8902286	1024	200.00
1271	582	582	AUTOBANCO El TEJAR	TELERED	8900707	2048	240.00
2242	582	5820002	FFACSA KONTIC	TELERED	8902282	1024	200.00
1079	583	583	AUTOBANCO JAGUAR POPTUN	TELERED	8900644	1024	200.00
1759	584	5840001	ANEXO DE JEREZ	TELERED	8901362	1024	200.00
1298	589	589	ALDEA LA ERMITA	TELERED	8900733	1024	200.00
1152	590	590	SUPER DEL BARRIO CARRETERA AL ATLANTICO	TELERED	8900676	1024	200.00
1111	591	591	LA MAQUINA 2	TELERED	8901167	1024	200.00
1274	592	592	ZUNILITO	TELERED	8900743	1024	200.00
1688	593	593	SAN FRANCISCO ZAPOTITLAN 	TELERED	8901226	1024	200.00
2184	594	594	CABALLO BLANCO	TELERED	8902116	1024	200.00
1246	595	595	CHINAUTLA	TELERED	8900699	1024	200.00
1347	596	596	MEGAMEDICA ZACAPA	TELERED	8900762	1024	200.00
1526	601	601	AUTOBANCO ENTRE RIOS	TELERED	8900850	1024	200.00
1379	613	613	COLONIA MAYA	TELERED	8900772	1024	200.00
1837	614	614	SANTA ELENA BARILLAS	TELERED	8901928	1024	200.00
1136	615	6150001	MUNICIPALIDAD SAN JOSE DEL GOLFO	TELERED	8900658	1024	200.00
1788	615	615	MERCADO SAN JOSE DEL GOLFO	TELERED	8901981	1024	200.00
1138	622	622	UNIVERSIDAD PANAMERICANA	TELERED	8900667	1024	200.00
1159	623	623	SANTA ANA PETEN	TELERED	8900677	2048	240.00
1621	624	6240001	ANEXO AUTOBANCO PASEO LAS PALMAS RETALHULEU	TELERED	8900659	1024	200.00
1257	629	629	MERCADO NUEVA CONCEPCION	TELERED	8900738	1024	200.00
1758	630	630	CENTRO COMERCIAL CATALINA VILLA NUEVA	TELERED	8901335	1024	200.00
1144	634	634	SUPERDICASA LA DEMOCRACIA	TELERED	8900654	1024	200.00
1744	635	635	SAN SEBASTIAN COATAN	TELERED	8901324	1024	200.00
1778	637	637	SAN JUAN ERMITA CHIQUIMULA	TELERED	8901228	1024	200.00
1680	638	638	SAN JACINTO	TELERED	8901229	1024	200.00
2171	639	639	GRAMEEN SACAPULAS	TELERED	8902122	1024	200.00
1154	643	643	MEGAPACA PASEO SAN NICOLAS	TELERED	8900668	1024	200.00
1167	644	644	MEGAPACA EL GUARDA	TELERED	8900664	1024	200.00
1170	646	646	MEGAPACA VILLA NUEVA	TELERED	8900666	1024	200.00
1356	649	649	ACATENANGO	TELERED	8900767	1024	200.00
1639	652	652	SAT CUILAPA	TELERED	8901316	1024	200.00
1681	654	654	SAN VICENTE PACAYA	TELERED	8901230	1024	200.00
1935	654	6540001	MINI MUNI SAN VICENTE PACAYA	TELERED	8902005	1024	200.00
1361	656	656	GRAMEEN SANTA CLARA LA LAGUNA	TELERED	8900764	1024	200.00
1458	657	657	SAN PEDRO YEPOCAPA	TELERED	8900810	1024	200.00
1196	659	659	C.C. ESKALA ROOSEVELT	TELERED	8900675	1024	200.00
1299	660	660	CC ALTAVISTA	TELERED	8900744	1024	200.00
2175	661	6610001	MINI MUNI CENTRA SUR	TELERED	8902123	1024	200.00
1041	662	662	PORTUARIA QUETZAL (PTO)	TELERED	8900643	1024	200.00
1717	663	6630001	AUXILIO POSTUMO	TELERED	8902081	1024	200.00
1260	664	664	SANTA CRUZ NARANJO	TELERED	8901198	1024	200.00
1479	667	667	GUINEALES	TELERED	8901937	1024	200.00
1221	669	669	PASEO DE LAS AMERICAS XELA	TELERED	8900705	2048	395.00
1258	675	675	SAN JOSE ACATEMPA	TELERED	8900362	1024	200.00
1388	677	677	CALZADA MOPAN DOLORES PETEN	TELERED	8900773	1024	200.00
1465	679	679	SAN PEDRO SACATEPEQUEZ CENTRO	TELERED	8900814	5120	395.00
1247	681	681	SAN JOSE OJETENAM	TELERED	8900739	1024	200.00
2188	683	683	SAN ANTONIO SACATEPEQUEZ	TELERED	8902197	1024	200.00
1433	684	684	AUTOBANCO CHIQUIMULILLA	TELERED	8900800	1024	200.00
1682	687	687	LLANO GRANDE SALAMA	TELERED	8901231	1024	200.00
1452	690	690	MEGAPACA EL PUNTO	TELERED	8900815	1024	200.00
1743	691	691	SAN RAFAEL LA INDEPENDENCIA	TELERED	8901325	1024	200.00
1709	692	692	SAN GASPAR IXCHIL	TELERED	8901232	1024	200.00
1355	693	693	CC PLAZA MANANTIAL	TELERED	8900768	1024	200.00
1815	696	696	MINI MUNI CAMPO DE AVIACION COBAN	TELERED	8901823	1024	200.00
1703	697	697	SANYUYO	TELERED	8901233	1024	200.00
1054	698	698	GRAMEEN USPANTAN	TELERED	8900614	1024	200.00
1397	699	699	MAGDALENA MILPAS ALTAS	TELERED	8900776	1024	200.00
1261	700	700	AUTOBANCO MULTIPLAZA EL SAUCE	TELERED	8900736	1024	200.00
1362	703	703	GRAMEEN HUEHUETENANGO	TELERED	8900765	1024	200.00
1353	704	704	MIXCO PARQUE	TELERED	8901996	1024	200.00
1331	705	705	MIX SAN CRISTOBAL	TELERED	8900761	1024	200.00
1354	706	706	CUYOTENANGO	TELERED	8900766	1024	200.00
1503	707	707	AUTOBANCO MEGAFERRO	TELERED	8900855	1024	200.00
2210	714	7140001	UPANA LOS ALAMOS	TELERED	8902334	1024	200.00
2050	714	714	AUTOBANCO VILLAS DEL SUR	TELERED	8902026	512	174.00
2101	716	716	SAN JUAN TECUACO	TELERED	8902075	1024	200.00
2098	718	718	 SAN FRANCISCO DE ASIS	TELERED	8902072	1024	200.00
1600	719	719	SANTA LUCIA CENTRO	TELERED	8901136	1024	200.00
1329	720	720	QUICHE ZONA 3	TELERED	8900757	1024	200.00
1607	721	721	TERMINAL QUICHE	TELERED	8901146	1024	200.00
1407	723	723	CC LOS PROCERES	TELERED	8900785	1024	200.00
1683	725	725	SAN VICENTE BUENABAJ	TELERED	8901234	1024	200.00
1422	726	726	GALERIAS DEL SUR	TELERED	8900790	1024	200.00
1426	727	727	MUNICIPALIDAD SAN RAYMUNDO	TELERED	8900792	1024	200.00
1427	728	728	CHINACA	TELERED	8900795	1024	200.00
1483	730	730	GRAMEEN SAN PABLO	TELERED	8900830	1024	200.00
1859	731	731	CENTRA NORTE	TELERED	8901919	1024	200.00
1710	732	732	SAN BARTOLO AGUAS CALIENTES	TELERED	8901235	1024	200.00
1440	734	734	LA BLANCA SAN MARCOS	TELERED	8900803	1024	200.00
1441	735	735	NUEVO PROGRESO	TELERED	8900804	1024	200.00
1444	736	736	GRAMEEN LA DEMOCRACIA	TELERED	8900806	1024	200.00
1445	737	737	GRAMEEN NEBAJ	TELERED	8900807	1024	200.00
1473	738	738	6A. AVENIDA ZONA 4	TELERED	8900839	1024	200.00
1866	739	7390003	SAT PLAZA SAN RAFAEL ZONA 18	TELERED	8901942	512	174.00
1443	739	739	PLAZA MEDICA DEL NORTE	TELERED	8900805	1024	200.00
1999	739	7390002	MAYCOM PLAZA SAN RAFAEL	TELERED	8901994	1024	200.00
1462	740	740	MUNICIPALIDAD DE CHIMALTENANGO	TELERED	8900821	1024	200.00
1451	741	741	MEGAPACA VILLA LINDA	TELERED	8900816	1024	200.00
561	743	743	OCRET	TELERED	8900390	1024	200.00
2060	744	744	CENTRO COMERCIAL METRO PLAZA JUTIAPA	TELERED	8902046	1024	200.00
800	745	745	COLONIA LOS ANGELES	TELERED	8900560	1024	200.00
1396	747	747	PACHALUM CALLE DE LAS FLORES	TELERED	8900779	1024	200.00
1845	749	749	MEGAPACA VIP CHIQUIMULA	TELERED	8901897	1024	200.00
1303	749	7490001	ANEXO MEGAPACA CHIQUIMULA	TELERED	8900750	1024	200.00
1463	750	750	CENTRO COMERCIAL MAJADAS	TELERED	8900819	1024	200.00
1450	751	751	CENTRO COMERCIAL LA TRINIDAD MALACATAN	TELERED	8900817	1024	200.00
1461	752	752	UNISUPER NIMAJUYU	TELERED	8900826	1024	200.00
1689	753	753	LAS CABEZAS ORATORIO	TELERED	8901202	1024	200.00
1513	754	754	CALLE MARTI 12 AVENIDA	TELERED	8900894	1024	200.00
1474	755	755	UNISUPER LA BRIGADA	TELERED	8900824	1024	200.00
1475	756	756	UNISUPER LO DE FUENTES	TELERED	8900827	1024	200.00
1470	757	757	CENTRO COMERCIAL PLAZA METROFERIA	TELERED	8900828	1024	200.00
1662	758	758	GASO MOYUTA	TELERED	8901249	1024	200.00
322	761	761	PARQUE CENTRAL SAN ANTONIO HUISTA	TELERED	8900418	1024	200.00
1484	762	762	MEGAPACA XELA	TELERED	8900869	1024	200.00
1702	763	763	GUATELINDA SAN DIEGO	TELERED	8901236	1024	200.00
1852	765	765	MUNICIPALIDAD DE SANTA CATARINA BARAHONA	TELERED	8901921	1024	200.00
1507	766	766	CONTRALORIA GENERAL DE CUENTAS ZONA 13	TELERED	8900859	1024	200.00
1486	767	767	MINISTERIO DE SALUD PUBLICA ZONA 9	TELERED	8900832	1024	200.00
1546	769	769	CIUDAD QUETZAL	TELERED	8900892	1024	200.00
1499	770	770	MUNICIPALIDAD DE SAN JOSE POAQUIL	TELERED	8900851	1024	200.00
1524	771	771	SAN SEBASTIAN RETALHULEU	TELERED	8900854	1024	200.00
2072	772	772	CASAS VIEJAS	TELERED	8902061	1024	200.00
1504	773	773	CENTRO COMERCIAL MAYA MALL	TELERED	8900852	1024	200.00
1506	774	774	EL JICARO	TELERED	8900853	1024	200.00
1510	776	776	JOCOTENANGO	TELERED	8900858	1024	200.00
1509	777	777	AUTOBANCO SAN MARCOS	TELERED	8900857	5120	395.00
1514	778	778	LA BUGA LIVINGSTON	TELERED	8900856	1024	200.00
1711	779	779	KILOMETRO 11 SAN JUAN DOLORES	TELERED	8901237	1024	200.00
1522	780	780	LOS ESCUDOS CHIMALTENANGO	TELERED	8900870	1024	200.00
1984	781	781	CENTRO COMERCIAL SAN FRANCISCO ZONA 6 MIXCO	TELERED	8900842	1024	200.00
1979	782	782	MUNICIPALIDAD DE MASAGUA	TELERED	8901998	1024	200.00
1547	785	785	CENTRO COMERCIAL LAS FLORES AMATITLAN	TELERED	8900895	1024	200.00
1560	786	786	CEALSA	TELERED	8900872	1024	200.00
1586	787	787	CENTRO COMERCIAL SAN FRANCISCO	TELERED	8900908	1024	200.00
1567	788	788	SAN JOSE DE LA COMUNIDAD	TELERED	8900901	1024	200.00
1565	790	790	MERCADO CHISEC	TELERED	8900904	1024	200.00
1905	791	7910001	MAYCOM MEGAPLAZA	TELERED	8901948	1024	200.00
1926	791	791	AUTOBANCO MEGAPLAZA	TELERED	8901154	1024	200.00
1568	792	792	COMERCIAL PLAZA LA LIBERTAD PETEN	TELERED	8900896	1024	200.00
1581	793	793	MERCADO PRIMERO DE JULIO	TELERED	8900922	1024	200.00
1579	795	795	LICEO ROCA DE AYUDA	TELERED	8900907	1024	200.00
1589	799	799	MUNICIPALIDAD DE QUETZALTENANGO	TELERED	8900913	1024	200.00
1617	801	801	MUNICIPALIDAD RETALHULEU	TELERED	8901155	1024	200.00
1685	802	802	JUMAYTEPEQUE	TELERED	8901239	1024	200.00
1597	803	803	AUTOBANCO BARBERENA	TELERED	8901148	1024	200.00
1598	804	804	COLIS	TELERED	8901149	1024	200.00
1593	805	805	ESQUIPULAS 6A. AVENIDA	TELERED	8900923	1024	200.00
1647	806	806	TZOLOJYA	TELERED	8901186	1024	200.00
1603	808	808	AUTOBANCO SAMAYAC	TELERED	8901152	1024	200.00
1863	809	809	EVENTOS CATOLICOS	TELERED	8901938	1024	200.00
1610	811	811	LO DE REYES SAN PEDRO AYAMPUC	TELERED	8901156	1024	200.00
1609	812	812	CALLE REAL SAN JOSE DEL GOLFO	TELERED	8901147	1024	200.00
1608	813	813	CONGUACO	TELERED	8901150	1024	200.00
1604	814	814	RENAP KOREA CENTER	TELERED	8901140	1024	200.00
1605	815	815	SUPER DEL BARRIO CIUDAD REAL	TELERED	8901138	512	174.00
1625	819	819	PANORAMA EXPRESS	TELERED	8901159	1024	200.00
1125	822	822	COMAPA	TELERED	8901807	1024	200.00
1649	823	823	GENOVA COSTA CUCA	TELERED	8901193	1024	200.00
2001	824	824	SANTA MARIA CHIQUIMULA	TELERED	8902004	1024	200.00
1655	825	825	CUNOC QUETZALTENANGO	TELERED	8901195	1024	200.00
1656	827	827	CORPORATIVA QUETZALTENANGO	TELERED	8901194	1024	200.00
1663	828	828	RABINAL CENTRO	TELERED	8901964	1024	200.00
1912	829	829	CIUDAD SATELITE	TELERED	8901959	1024	200.00
1916	830	830	LAS BRISAS	TELERED	8901955	1024	200.00
1857	831	831	C.C. MOLINO DE LAS FLORES	TELERED	8901915	1024	200.00
1774	832	8320002	MEGAPACA COATEPEQUE	TELERED	8901361	1024	200.00
1736	832	832	CENTRO COMERCIAL LA TRINIDAD COATEPEQUE	TELERED	8901326	1024	200.00
1738	834	834	SAN SEBASTIAN HUEHUETENANGO	TELERED	8901813	1024	200.00
1775	837	837	PARQUE CENTRAL RETALHULEU (VIP)	TELERED	8901773	1024	200.00
1695	838	838	LAS POZAS RIO HONDO	TELERED	8901776	1024	200.00
1696	839	839	SAN ANTONIO LA PAZ	TELERED	8901777	1024	200.00
1712	841	841	MULTIMAYOREO ESCUINTLA	TELERED	8901250	1024	200.00
1906	844	844	AUTOBANCO PALENCIA	TELERED	8901947	1024	200.00
1731	845	845	CENTRO COMERCIAL REAL AMERICA	TELERED	8901334	1024	200.00
2186	847	847	CUNOROC	TELERED	8902110	1024	200.00
1739	848	848	RIO SAN JUAN AGUACATAN	TELERED	8901787	512	174.00
1713	849	849	CENTRO COMERCIAL LA ISLA	TELERED	8901328	1024	200.00
1760	850	850	AUTOBANCO SAN RAFAEL LAS FLORES	TELERED	8901783	1024	200.00
1753	852	852	MUNICIPALIDAD SAN PABLO JOCOPILAS	TELERED	8901806	1024	200.00
1763	853	853	MUNICIPALIDAD DE SAN GABRIEL	TELERED	8901788	1024	200.00
1765	854	854	MUNICIPALIDAD DE SAN MIGUEL PANAN SUCHITEPEQ	TELERED	8901797	1024	200.00
1750	856	856	CONTEPEQUE ATESCATEMPA JUTIAPA	TELERED	8901808	1024	200.00
1922	858	858	TECTITAN	TELERED	8901971	1024	200.00
1783	859	859	LA TERMINAL USPANTAN	TELERED	8901817	1024	200.00
1817	860	860	AUTOBANCO SAN MARTIN JILOTEPEQUE	TELERED	8901816	1024	200.00
1789	861	861	SAN PEDRO JOCOPILAS	TELERED	8901805	1024	200.00
1781	863	863	PATZITE	TELERED	8901794	1024	200.00
1786	865	865	AUTOBANCO CALZADA ASTURIAS	TELERED	8901829	1024	200.00
2150	870	870	MORALES CENTRO	TELERED	8902094	512	174.00
1848	871	871	LA BARRANCA GRANDE	TELERED	8901984	1024	200.00
1977	872	872	BUENOS AIRES	TELERED	8902008	512	174.00
1752	875	875	AUTOBANCO AMBERES	TELERED	8901809	1024	200.00
1820	876	876	SIPACAPA SAN MARCOS	TELERED	8901801	1024	200.00
1721	877	877	AUTOBANCO MAYUELAS	TELERED	8901329	512	174.00
2164	877	8770001	ANEXO MINI MUNI MAYUELAS	TELERED	8902098	512	174.00
1722	878	878	AUTOBANCO PLAYITAS	TELERED	8901784	1024	200.00
1730	879	879	MUNICIPALIDAD SAN PEDRO AYAMPUC	TELERED	8901785	1024	200.00
1822	881	881	SAN MIGUEL SIGUILA	TELERED	8901802	1024	200.00
1823	882	882	OLINTEPEQUE	TELERED	8901815	1024	200.00
1729	883	883	ARGUETA	TELERED	8901781	1024	200.00
2239	885	885	MERCADO LA DEMOCRACIA XELA	TELERED	8902312	1024	200.00
1819	886	886	LA ESPERANZA	TELERED	8901803	1024	200.00
1697	887	887	AUTOBANCO CONDADO SAN CRISTOBAL TOTONICAPAN	TELERED	8901333	1024	200.00
1856	890	890	PUERTO DE IZTAPA	TELERED	8901957	1024	200.00
1813	891	891	GUANAGAZAPA	TELERED	8901972	1024	200.00
1812	892	892	PASACO	TELERED	8901814	1024	200.00
1928	893	893	PALESTINA LAS CRUCES	TELERED	8902050	512	174.00
1798	895	895	ALDEA EL OBRAJUELO AGUA BLANCA	TELERED	8901977	1024	200.00
1751	896	896	TIUCAL ASUNCION MITA JUTIAPA	TELERED	8901812	1024	200.00
2076	906	2229	BODEGA LOS ALAMOS	TELERED	8902038	4096	325.00
1632	917	1999002	TELGUA ONLINE	TELERED	8901143	1024	200.00
1726	917	1999043	DATA CENTER RENAP KOREA CENTER	TELERED	8901162	8192	575.00
1637	917	1999013	USAC	TELERED	8901166	1024	200.00
1576	917	1999039	REGISTRO GENERAL DE LA PROPIEDAD	TELERED	8900831	1024	140.00
668	917	1999002	TELGUA ONLINE	TELERED	8900425	1024	200.00
2023	917	1999048	SASCIM DATA CENTER	TELERED	8901902	1024	200.00
2090	919	1999049	WIDEFENSE	TELERED	8902041	2048	240.00
1615	920	1999038	SITIO ALTERNO LAS CHARCAS ZONA 11	TELERED	8900829	143360	3500.00
1308	920	1999018	UTILVALOR	TELERED	8900749	1024	200.00
1645	920	1999042	CYBERSEG	TELERED	8901165	1024	200.00
667	948	1999001	INTERNET	TELERED	8900588	51200	4750.00
1995	958	1999052	Agencia Virtual Data Center zona 11	TELERED	8901988	1024	200.00
2156	1000	1000	Mercado Sipacate	TELERED	8902102	512	174.00
2149	1001	1001	AUTOBANCO CIUDAD QUETZAL	TELERED	8902083	512	174.00
2168	1003	1003	AUTOBANCO EL PORVENIR / EL CARMEN	TELERED	8902128	1024	200.00
2173	1005	1005	AUTOBANCO PLAZA MINERVA CHIQUIMULA	TELERED	8902203	1024	200.00
2172	1006	1006	AUTOBANCO PLAZA LOS PINOS QUETZALTEPEQUE	TELERED	8902333	1024	200.00
1992	1007	1007	MERCADO SANTA CATARINA	TELERED	8902009	1024	200.00
2205	1008	1008	MANZANOTES	TELERED	8902262	1024	200.00
2178	1010	1010	Autobanco La Democracia Escuintla	TELERED	8902126	1024	200.00
2260	1013	1013	CIUDAD PERONIA	TELERED	8902337	0	0.00
2208	1015	1015	EL CALVARIO	TELERED	8902263	1024	200.00
2231	1017	1017	MERCADO SAN BENITO	TELERED	8902291	1024	200.00
2246	1019	1019	PLAZA SAN FRANCISCO	TELERED	8902303	1024	200.00
2285	1024	1024	RENAP TOTONICAPAN	TELERED	8902341	1024	0.00
1972	2083	2083	MAXIDESPENSA VILLA NUEVA	TELERED	8902330	512	174.00
1719	2084	2084	MAXI DESPENSA ROOSEVELT	TELERED	8901319	1024	200.00
1779	2085	2085	MAXI BODEGA AGENCIA ANEXO NO. 221	TELERED	8901782	1024	200.00
1784	2087	2087	MAXIDESPENSA ATLANTIDA	TELERED	8902048	1024	200.00
1821	2088	2088	MAXIDESPENSA TRIGALES	TELERED	8902328	512	174.00
1772	2089	2089	MAXIDESPENSA HUEHUETENANGO	TELERED	8901792	1024	200.00
1982	2090	2090	MAXIDESPENSA CHIMALTENANGO	TELERED	8901989	1024	200.00
